unique_id,ds,category,model_used,forecast_qty,forecast_lower_80,forecast_upper_80,backtest_mape,backtest_mae
123,2026-01-01,smooth,AutoARIMA,305.8434487200681,293.66120375002873,318.0256936901075,2.659639581590649,7.185185185185186
123,2026-02-01,smooth,AutoARIMA,336.23303016175674,324.05078519171735,348.41527513179614,2.659639581590649,7.185185185185186
123,2026-03-01,smooth,AutoARIMA,359.4491315700561,347.26688660001673,371.6313765400955,2.659639581590649,7.185185185185186
123,2026-04-01,smooth,AutoARIMA,364.0595501283675,351.8773051583281,376.2417950984069,2.659639581590649,7.185185185185186
123,2026-05-01,smooth,AutoARIMA,369.8481844283915,357.6659394583521,382.0304293984309,2.659639581590649,7.185185185185186
123,2026-06-01,smooth,AutoARIMA,355.6604972700322,343.4782522999928,367.8427422400716,2.659639581590649,7.185185185185186
123,2026-07-01,smooth,AutoARIMA,359.0595501283675,346.8773051583281,371.2417950984069,2.659639581590649,7.185185185185186
123,2026-08-01,smooth,AutoARIMA,325.4443958617328,313.2621508916934,337.6266408317722,2.659639581590649,7.185185185185186
123,2026-09-01,smooth,AutoARIMA,315.4443958617328,303.2621508916934,327.6266408317722,2.659639581590649,7.185185185185186
123,2026-10-01,smooth,AutoARIMA,311.64629014506215,299.46404517502276,323.82853511510154,2.659639581590649,7.185185185185186
123,2026-11-01,smooth,AutoARIMA,339.24250157840345,327.06025660836406,351.42474654844284,2.659639581590649,7.185185185185186
123,2026-12-01,smooth,AutoARIMA,357.0595501283675,344.8773051583281,369.2417950984069,2.659639581590649,7.185185185185186
123,2027-01-01,smooth,AutoARIMA,375.1578939508512,360.94513721631563,389.37065068538675,2.659639581590649,7.185185185185186
123,2027-02-01,smooth,AutoARIMA,403.7958003713382,389.58304363680264,418.00855710587376,2.659639581590649,7.185185185185186
123,2027-03-01,smooth,AutoARIMA,429.7190359033128,415.5062791687772,443.93179263784833,2.659639581590649,7.185185185185186
123,2027-04-01,smooth,AutoARIMA,436.0811294828257,421.86837274829014,450.29388621736126,2.659639581590649,7.185185185185186
123,2027-05-01,smooth,AutoARIMA,439.9588455779025,425.7460888433669,454.17160231243804,2.659639581590649,7.185185185185186
123,2027-06-01,smooth,AutoARIMA,427.841319808236,413.62856307370043,442.05407654277155,2.659639581590649,7.185185185185186
135,2026-01-01,intermittent,AutoETS,51.177941774866426,0.0,176.8707672755644,54.25665470307158,403.13866494666644
135,2026-02-01,intermittent,AutoETS,51.177941774866426,0.0,177.43702101144586,54.25665470307158,403.13866494666644
135,2026-03-01,intermittent,AutoETS,51.177941774866426,0.0,178.0007464946359,54.25665470307158,403.13866494666644
135,2026-04-01,intermittent,AutoETS,51.177941774866426,0.0,178.56197729073762,54.25665470307158,403.13866494666644
135,2026-05-01,intermittent,AutoETS,51.177941774866426,0.0,179.1207462291564,54.25665470307158,403.13866494666644
135,2026-06-01,intermittent,AutoETS,51.177941774866426,0.0,179.67708542550952,54.25665470307158,403.13866494666644
135,2026-07-01,intermittent,AutoETS,51.177941774866426,0.0,180.23102630316646,54.25665470307158,403.13866494666644
135,2026-08-01,intermittent,AutoETS,51.177941774866426,0.0,180.78259961395992,54.25665470307158,403.13866494666644
135,2026-09-01,intermittent,AutoETS,51.177941774866426,0.0,181.3318354581076,54.25665470307158,403.13866494666644
135,2026-10-01,intermittent,AutoETS,51.177941774866426,0.0,181.87876330338008,54.25665470307158,403.13866494666644
135,2026-11-01,intermittent,AutoETS,51.177941774866426,0.0,182.42341200355025,54.25665470307158,403.13866494666644
135,2026-12-01,intermittent,AutoETS,51.177941774866426,0.0,182.96580981615568,54.25665470307158,403.13866494666644
135,2027-01-01,intermittent,AutoETS,51.177941774866426,0.0,183.50598441960676,54.25665470307158,403.13866494666644
135,2027-02-01,intermittent,AutoETS,51.177941774866426,0.0,184.04396292966788,54.25665470307158,403.13866494666644
135,2027-03-01,intermittent,AutoETS,51.177941774866426,0.0,184.57977191534127,54.25665470307158,403.13866494666644
135,2027-04-01,intermittent,AutoETS,51.177941774866426,0.0,185.11343741417795,54.25665470307158,403.13866494666644
135,2027-05-01,intermittent,AutoETS,51.177941774866426,0.0,185.64498494704293,54.25665470307158,403.13866494666644
135,2027-06-01,intermittent,AutoETS,51.177941774866426,0.0,186.17443953235613,54.25665470307158,403.13866494666644
321,2026-01-01,intermittent,TSB,7.977433816558398,0.0,18.5076578553335,45.32040165734892,8.333333333333334
321,2026-02-01,intermittent,TSB,7.977433816558398,0.0,18.5076578553335,45.32040165734892,8.333333333333334
321,2026-03-01,intermittent,TSB,7.977433816558398,0.0,18.5076578553335,45.32040165734892,8.333333333333334
321,2026-04-01,intermittent,TSB,7.977433816558398,0.0,18.5076578553335,45.32040165734892,8.333333333333334
321,2026-05-01,intermittent,TSB,7.977433816558398,0.0,18.5076578553335,45.32040165734892,8.333333333333334
321,2026-06-01,intermittent,TSB,7.977433816558398,0.0,18.5076578553335,45.32040165734892,8.333333333333334
321,2026-07-01,intermittent,TSB,7.977433816558398,0.0,18.5076578553335,45.32040165734892,8.333333333333334
321,2026-08-01,intermittent,TSB,7.977433816558398,0.0,18.5076578553335,45.32040165734892,8.333333333333334
321,2026-09-01,intermittent,TSB,7.977433816558398,0.0,18.5076578553335,45.32040165734892,8.333333333333334
321,2026-10-01,intermittent,TSB,7.977433816558398,0.0,18.5076578553335,45.32040165734892,8.333333333333334
321,2026-11-01,intermittent,TSB,7.977433816558398,0.0,18.5076578553335,45.32040165734892,8.333333333333334
321,2026-12-01,intermittent,TSB,7.977433816558398,0.0,18.5076578553335,45.32040165734892,8.333333333333334
321,2027-01-01,intermittent,TSB,7.977433816558398,0.0,18.5076578553335,45.32040165734892,8.333333333333334
321,2027-02-01,intermittent,TSB,7.977433816558398,0.0,18.5076578553335,45.32040165734892,8.333333333333334
321,2027-03-01,intermittent,TSB,7.977433816558398,0.0,18.5076578553335,45.32040165734892,8.333333333333334
321,2027-04-01,intermittent,TSB,7.977433816558398,0.0,18.5076578553335,45.32040165734892,8.333333333333334
321,2027-05-01,intermittent,TSB,7.977433816558398,0.0,18.5076578553335,45.32040165734892,8.333333333333334
321,2027-06-01,intermittent,TSB,7.977433816558398,0.0,18.5076578553335,45.32040165734892,8.333333333333334
456,2026-01-01,smooth,AutoARIMA,156.7607621449504,151.6392525228165,161.88227176708432,3.062491333260464,4.400000000000006
456,2026-02-01,smooth,AutoARIMA,162.7517518503507,157.6302422282168,167.87326147248461,3.062491333260464,4.400000000000006
456,2026-03-01,smooth,AutoARIMA,169.5905504777374,164.46904085560348,174.7120600998713,3.062491333260464,4.400000000000006
456,2026-04-01,smooth,AutoARIMA,173.90994979143073,168.78844016929682,179.03145941356465,3.062491333260464,4.400000000000006
456,2026-05-01,smooth,AutoARIMA,165.25913743791108,160.13762781577717,170.380647060045,3.062491333260464,4.400000000000006
456,2026-06-01,smooth,AutoARIMA,166.5845436146709,161.463033992537,171.70605323680482,3.062491333260464,4.400000000000006
456,2026-07-01,smooth,AutoARIMA,159.74874841881746,154.62723879668354,164.87025804095137,3.062491333260464,4.400000000000006
456,2026-08-01,smooth,AutoARIMA,153.74874841881743,148.6272387966835,158.87025804095134,3.062491333260464,4.400000000000006
456,2026-09-01,smooth,AutoARIMA,153.38454361467092,148.263033992537,158.50605323680483,3.062491333260464,4.400000000000006
456,2026-10-01,smooth,AutoARIMA,158.55775871341717,153.43624909128326,163.6792683355511,3.062491333260464,4.400000000000006
456,2026-11-01,smooth,AutoARIMA,150.87115116404402,145.7496415419101,155.99266078617794,3.062491333260464,4.400000000000006
456,2026-12-01,smooth,AutoARIMA,163.5995607723371,158.47805115020319,168.721070394471,3.062491333260464,4.400000000000006
456,2027-01-01,smooth,AutoARIMA,161.69413235240256,156.47219999106161,166.9160647137435,3.062491333260464,4.400000000000006
456,2027-02-01,smooth,AutoARIMA,173.45954754976339,168.23761518842244,178.68147991110433,3.062491333260464,4.400000000000006
456,2027-03-01,smooth,AutoARIMA,181.06826957607817,175.84633721473722,186.2902019374191,3.062491333260464,4.400000000000006
456,2027-04-01,smooth,AutoARIMA,185.77263058923555,180.5506982278946,190.9945629505765,3.062491333260464,4.400000000000006
456,2027-05-01,smooth,AutoARIMA,184.0511288260685,178.82919646472754,189.27306118740944,3.062491333260464,4.400000000000006
456,2027-06-01,smooth,AutoARIMA,181.91187970765205,176.6899473463111,187.133812068993,3.062491333260464,4.400000000000006
654,2026-01-01,intermittent,AutoARIMA,12.527430536602656,0.0,28.691210350658345,66.99196263712393,16.333333333333332
654,2026-02-01,intermittent,AutoARIMA,18.119235379222694,1.2311215180083366,35.00734924043705,66.99196263712393,16.333333333333332
654,2026-03-01,intermittent,AutoARIMA,16.426548205415838,0.0,33.37948680616426,66.99196263712393,16.333333333333332
654,2026-04-01,intermittent,AutoARIMA,16.938939096909785,0.0,33.89780535556846,66.99196263712393,16.333333333333332
654,2026-05-01,intermittent,AutoARIMA,2.251868105121888,0.0,19.21127742609646,66.99196263712393,16.333333333333332
654,2026-06-01,intermittent,AutoARIMA,16.830785632806066,0.0,33.790244715052474,66.99196263712393,16.333333333333332
654,2026-07-01,intermittent,AutoARIMA,1.8304831502626033,0.0,18.789946792249978,66.99196263712393,16.333333333333332
654,2026-08-01,intermittent,AutoARIMA,16.820875263712374,0.0,33.78033932352001,66.99196263712393,16.333333333333332
654,2026-09-01,intermittent,AutoARIMA,16.81957292218635,0.0,33.779037020279894,66.99196263712393,16.333333333333332
654,2026-10-01,intermittent,AutoARIMA,1.3797533998212437,0.0,18.33921750142302,66.99196263712393,16.333333333333332
654,2026-11-01,intermittent,AutoARIMA,16.819847815338868,0.0,33.779311917262106,66.99196263712393,16.333333333333332
654,2026-12-01,intermittent,AutoARIMA,2.7420419889843206,0.0,19.701506090937023,66.99196263712393,16.333333333333332
654,2027-01-01,intermittent,AutoARIMA,11.130866967651157,0.0,29.610698039686305,66.99196263712393,16.333333333333332
654,2027-02-01,intermittent,AutoARIMA,8.591497865125987,0.0,27.204433721571043,66.99196263712393,16.333333333333332
654,2027-03-01,intermittent,AutoARIMA,9.360186621329394,0.0,27.9852716223772,66.99196263712393,16.333333333333332
654,2027-04-01,intermittent,AutoARIMA,9.127497957312036,0.0,27.753695818156984,66.99196263712393,16.333333333333332
654,2027-05-01,intermittent,AutoARIMA,15.797248321620078,0.0,34.42354815323196,66.99196263712393,16.333333333333332
654,2027-06-01,intermittent,AutoARIMA,9.176612969871623,0.0,27.80292214528886,66.99196263712393,16.333333333333332
789,2026-01-01,smooth,AutoETS,56.94779162938701,20.894850794479083,93.00073246429494,33.440250812440766,24.013000284214403
789,2026-02-01,smooth,AutoETS,220.37065850232992,184.3175808231734,256.42373618148645,33.440250812440766,24.013000284214403
789,2026-03-01,smooth,AutoETS,105.45490026621067,69.40179125047598,141.50800928194536,33.440250812440766,24.013000284214403
789,2026-04-01,smooth,AutoETS,65.47257954916334,29.419458454268835,101.52570064405785,33.440250812440766,24.013000284214403
789,2026-05-01,smooth,AutoETS,144.2228116451823,108.16963193844776,180.27599135191684,33.440250812440766,24.013000284214403
789,2026-06-01,smooth,AutoETS,65.74711524707645,29.693923359691993,101.80030713446091,33.440250812440766,24.013000284214403
789,2026-07-01,smooth,AutoETS,151.82455940580408,115.77130256519837,187.8778162464098,33.440250812440766,24.013000284214403
789,2026-08-01,smooth,AutoETS,60.420242513878584,24.366975386452545,96.47350964130462,33.440250812440766,24.013000284214403
789,2026-09-01,smooth,AutoETS,57.31758628144167,21.264309896553648,93.37086266632969,33.440250812440766,24.013000284214403
789,2026-10-01,smooth,AutoETS,57.1944294937836,21.14114389117482,93.24771509639238,33.440250812440766,24.013000284214403
789,2026-11-01,smooth,AutoETS,56.32290929195293,20.26961475040099,92.37620383350487,33.440250812440766,24.013000284214403
789,2026-12-01,smooth,AutoETS,155.49307110861207,119.43970843717165,191.5464337800525,33.440250812440766,24.013000284214403
789,2027-01-01,smooth,AutoETS,56.94779162938701,20.89423168607692,93.0013515726971,33.440250812440766,24.013000284214403
789,2027-02-01,smooth,AutoETS,220.37065850232992,184.31696171657836,256.4243552880815,33.440250812440766,24.013000284214403
789,2027-03-01,smooth,AutoETS,105.45490026621067,69.4011721442948,141.50862838812654,33.440250812440766,24.013000284214403
789,2027-04-01,smooth,AutoETS,65.47257954916334,29.41883934824719,101.5263197500795,33.440250812440766,24.013000284214403
789,2027-05-01,smooth,AutoETS,144.2228116451823,108.16901283320013,180.27661045716448,33.440250812440766,24.013000284214403
789,2027-06-01,smooth,AutoETS,65.74711524707645,29.693304254605238,101.80092623954766,33.440250812440766,24.013000284214403
987,2026-01-01,intermittent,CrostonOptimized,76.08482670403421,0.0,232.0175114885497,0.5116472648416104,85.48200221147543
987,2026-02-01,intermittent,CrostonOptimized,76.08482670403421,0.0,232.0175114885497,0.5116472648416104,85.48200221147543
987,2026-03-01,intermittent,CrostonOptimized,76.08482670403421,0.0,232.0175114885497,0.5116472648416104,85.48200221147543
987,2026-04-01,intermittent,CrostonOptimized,76.08482670403421,0.0,232.0175114885497,0.5116472648416104,85.48200221147543
987,2026-05-01,intermittent,CrostonOptimized,76.08482670403421,0.0,232.0175114885497,0.5116472648416104,85.48200221147543
987,2026-06-01,intermittent,CrostonOptimized,76.08482670403421,0.0,232.0175114885497,0.5116472648416104,85.48200221147543
987,2026-07-01,intermittent,CrostonOptimized,76.08482670403421,0.0,232.0175114885497,0.5116472648416104,85.48200221147543
987,2026-08-01,intermittent,CrostonOptimized,76.08482670403421,0.0,232.0175114885497,0.5116472648416104,85.48200221147543
987,2026-09-01,intermittent,CrostonOptimized,76.08482670403421,0.0,232.0175114885497,0.5116472648416104,85.48200221147543
987,2026-10-01,intermittent,CrostonOptimized,76.08482670403421,0.0,232.0175114885497,0.5116472648416104,85.48200221147543
987,2026-11-01,intermittent,CrostonOptimized,76.08482670403421,0.0,232.0175114885497,0.5116472648416104,85.48200221147543
987,2026-12-01,intermittent,CrostonOptimized,76.08482670403421,0.0,232.0175114885497,0.5116472648416104,85.48200221147543
987,2027-01-01,intermittent,CrostonOptimized,76.08482670403421,0.0,232.0175114885497,0.5116472648416104,85.48200221147543
987,2027-02-01,intermittent,CrostonOptimized,76.08482670403421,0.0,232.0175114885497,0.5116472648416104,85.48200221147543
987,2027-03-01,intermittent,CrostonOptimized,76.08482670403421,0.0,232.0175114885497,0.5116472648416104,85.48200221147543
987,2027-04-01,intermittent,CrostonOptimized,76.08482670403421,0.0,232.0175114885497,0.5116472648416104,85.48200221147543
987,2027-05-01,intermittent,CrostonOptimized,76.08482670403421,0.0,232.0175114885497,0.5116472648416104,85.48200221147543
987,2027-06-01,intermittent,CrostonOptimized,76.08482670403421,0.0,232.0175114885497,0.5116472648416104,85.48200221147543
